nome_repositorio,estrelas,linguagem_primaria,idade_dias,dias_desde_ultimo_push,total_pull_requests_aceitas,total_releases,razao_issues_fechadas
freeCodeCamp/freeCodeCamp,425754,TypeScript,3886,0,25694,0,0.9902059773828756
codecrafters-io/build-your-own-x,410172,Markdown,2654,16,142,0,0.7291666666666666
sindresorhus/awesome,391708,N/A,4052,27,679,0,0.96045197740113
EbookFoundation/free-programming-books,365057,Python,4325,5,6818,0,0.9737510584250635
public-apis/public-apis,361294,Python,3434,86,1872,0,0.9887482419127989
kamranahmedse/developer-roadmap,333796,TypeScript,3074,0,3671,1,0.9165815457950289
jwasham/coding-interview-university,324264,N/A,3356,252,415,0,0.877906976744186
donnemartin/system-design-primer,315976,Python,3091,85,200,0,0.26843657817109146
996icu/996.ICU,274029,N/A,2333,315,1067,0,0
vinta/awesome-python,255020,Python,4066,28,544,0,0
awesome-selfhosted/awesome-selfhosted,241853,N/A,3727,0,2394,1,1.0
practical-tutorials/project-based-learning,239615,N/A,3046,364,182,0,0.37799043062200954
facebook/react,238119,JavaScript,4465,0,12090,105,0.9426487414187643
vuejs/vue,209264,TypeScript,4399,308,1133,249,0.9645991224571201
TheAlgorithms/Python,204035,Python,3316,2,2975,0,0.9533123028391167
torvalds/linux,199733,C,5093,0,10,0,0
trekhleb/javascript-algorithms,193004,JavaScript,2700,183,302,0,0.6256830601092896
tensorflow/tensorflow,191177,C++,3568,0,35793,219,0.9781919988211891
ossu/computer-science,190363,HTML,4121,28,298,0,0.9785276073619632
getify/You-Dont-Know-JS,182952,N/A,4289,86,368,0,0.9141949152542372
trimstray/the-book-of-secret-knowledge,182271,N/A,2609,268,122,0,0
CyC2018/CS-Notes,181437,N/A,2739,358,374,0,0.7845884413309983
ohmyzsh/ohmyzsh,180682,Shell,5830,1,3371,0,0.9711925866236906
Significant-Gravitas/AutoGPT,177776,Python,882,0,3166,67,0.9537503705899792
microsoft/vscode,175745,TypeScript,3633,0,36020,176,0.9410338506660149
twbs/bootstrap,172837,MDX,5130,2,8967,93,0.9821530616730406
flutter/flutter,171848,Dart,3814,0,43714,7,0.8906534828481467
jackfrued/Python-100-Days,170825,Jupyter Notebook,2723,139,13,0,0.17101449275362318
github/gitignore,168651,N/A,5393,6,1713,0,0
jlevy/the-art-of-command-line,157781,N/A,3739,415,317,0,0.5271317829457365
AUTOMATIC1111/stable-diffusion-webui,155559,Python,1088,103,1874,27,0.6981855353948377
Snailclimb/JavaGuide,151260,Java,2656,1,1179,0,0.9338768115942029
ollama/ollama,150189,Go,780,0,2450,141,0.7812144931195556
avelino/awesome-go,149902,Go,4057,1,3455,0,0.9912536443148688
huggingface/transformers,148319,Python,2481,0,16559,222,0.9387628749929645
airbnb/javascript,147272,JavaScript,4669,248,810,0,0.9296187683284457
massgravel/Microsoft-Activation-Scripts,144691,Batchfile,2041,4,6,24,1.0
ytdl-org/youtube-dl,136852,Python,5401,102,1642,341,0.8638894078087054
vercel/next.js,133789,JavaScript,3235,0,23550,1000,0.9005399382927666
f/awesome-chatgpt-prompts,132548,JavaScript,983,12,171,0,0
n8n-io/n8n,129707,TypeScript,2245,0,10520,377,0.880611839491458
golang/go,129398,Go,4013,0,1,0,0.8649465090919808
labuladong/fucking-algorithm,128901,Markdown,2003,195,238,1,0.9967248908296943
yangshun/tech-interview-handbook,128498,TypeScript,3327,36,481,0,0.6434782608695652
Genymobile/scrcpy,126579,C,2823,2,113,47,0.5634581105169341
521xueweihan/HelloGitHub,125053,Python,3389,15,16,57,0.925978145928798
Chalarangelo/30-seconds-of-code,124912,JavaScript,2815,7,826,12,1.0
facebook/react-native,123402,C++,3870,0,930,410,0.9760161853963583
yt-dlp/yt-dlp,122422,Python,1753,1,2872,116,0.8337967253629904
microsoft/PowerToys,122179,C#,2297,0,5610,117,0.7984671659989548
electron/electron,117885,C++,4507,0,23216,1000,0.9640599001663893
kubernetes/kubernetes,116884,Go,4087,0,62222,754,0.9601821921833676
krahets/hello-algo,115427,Java,1014,9,945,9,0.9553903345724907
justjavac/free-programming-books-zh_CN,114971,N/A,4301,395,282,3,0
langchain-ai/langchain,113530,Jupyter Notebook,1032,0,14443,945,0.9759147753589624
nodejs/node,112723,JavaScript,3914,0,10708,455,0.9114119524373295
d3/d3,111269,Shell,5435,18,493,194,0.9964093357271095
langgenius/dify,110897,TypeScript,855,0,6948,140,0.9438220359474491
ripienaar/free-for-dev,110007,HTML,3802,0,2756,0,0
mrdoob/three.js,108097,JavaScript,5623,0,14362,171,0.9664740763265927
axios/axios,107397,JavaScript,4014,0,1000,97,0.9141028288251084
open-webui/open-webui,106679,JavaScript,678,0,2483,119,0.966743119266055
rust-lang/rust,105776,Rust,5538,0,65442,140,0.81975918284516
microsoft/TypeScript,105611,TypeScript,4076,0,14673,212,0.8683447641943011
excalidraw/excalidraw,105401,TypeScript,2051,0,3693,14,0.5670054360671236
goldbergyoni/nodebestpractices,103931,Dockerfile,2890,121,765,0,0.8689024390243902
denoland/deno,103864,Rust,2648,0,13303,341,0.8266392819108475
facebook/create-react-app,103426,JavaScript,3315,180,1949,83,0.7817857142857143
GrowingGit/GitHub-Chinese-Top-Charts,101188,Java,2170,306,0,0,0.47352941176470587
langflow-ai/langflow,100275,Python,918,0,4596,262,0.8398802843247287
godotengine/godot,100161,C++,4240,0,38657,61,0.7921106168752802
microsoft/terminal,99192,C++,2925,0,4182,136,0.8812904184940162
deepseek-ai/DeepSeek-V3,98630,Python,231,48,21,1,0.9518072289156626
angular/angular,98477,TypeScript,3983,0,3873,467,0.9502308527973927
fatedier/frp,97432,Go,3524,3,682,106,0.9843308502440278
papers-we-love/papers-we-love,97062,Shell,4260,102,437,0,0.9959349593495935
mui/material-ui,96364,TypeScript,4014,0,20774,547,0.9197540048603878
Hack-with-Github/Awesome-Hacking,96260,N/A,3424,208,34,0,0
iptv-org/iptv,96231,TypeScript,2465,1,6664,0,0.968696719634454
rustdesk/rustdesk,95662,Rust,1781,0,3627,31,0.9842105263157894
ant-design/ant-design,95651,TypeScript,3765,0,15749,713,0.9610734856636496
tauri-apps/tauri,95529,Rust,2224,0,5143,1000,0.8049374130737135
microsoft/generative-ai-for-beginners,94952,Jupyter Notebook,787,3,376,0,0.9375
nvbn/thefuck,93467,Python,3781,391,481,17,0.621870882740448
ryanmcdermott/clean-code-javascript,93347,JavaScript,3184,381,149,0,0.6936170212765957
shadcn-ui/ui,92918,TypeScript,953,1,636,52,0.7100449775112444
iluwatar/java-design-patterns,92488,Java,4023,9,1507,0,0.8654848800834203
pytorch/pytorch,92363,Python,3288,0,6191,61,0.7093025445915657
Anduin2017/HowToCook,92320,Dockerfile,1993,13,586,4,0.44358974358974357
neovim/neovim,91976,Vim Script,4213,0,16092,45,0.8746373492136204
puppeteer/puppeteer,91735,TypeScript,3019,0,5410,557,0.9635279434197753
microsoft/Web-Dev-For-Beginners,91340,JavaScript,1738,7,514,0,0.7333333333333333
deepseek-ai/DeepSeek-R1,90863,N/A,206,48,9,1,0.9044585987261147
PanJiaChen/vue-element-admin,89765,Vue,3041,294,311,49,0.6530894984760321
tailwindlabs/tailwindcss,89582,TypeScript,2869,0,3069,290,0.9827928524156188
fastapi/fastapi,88382,Python,2441,2,2732,208,0.985862665897288
mtdvio/every-programmer-should-know,87801,N/A,2912,373,99,0,0.4423076923076923
storybookjs/storybook,87514,TypeScript,3436,0,11470,1000,0.8486842105263158
supabase/supabase,87107,TypeScript,2133,0,12884,22,0.9484913793103448
openai/whisper,86646,Python,1063,49,119,13,0
nvm-sh/nvm,86373,Shell,5600,42,729,70,0.8633808906182447
jaywcjlove/awesome-mac,85943,JavaScript,3315,4,986,12,0.7635983263598326
comfyanonymous/ComfyUI,85485,Python,940,0,1161,72,0.5925500492287495
ChatGPTNextWeb/NextChat,85458,TypeScript,888,4,889,77,0.8138222849083215
bitcoin/bitcoin,85022,C++,5352,0,15491,56,0.9527486458453382
2dust/v2rayN,84942,C#,2207,0,261,261,0.9976658886295432
florinpop17/app-ideas,84898,N/A,2362,363,149,0,0.25882352941176473
ggml-org/llama.cpp,84861,C++,888,0,5446,1000,0.943089430894309
django/django,84581,Python,4856,1,9841,0,0
sveltejs/svelte,83737,JavaScript,3189,0,5981,509,0.9045261669024045
gin-gonic/gin,83573,Go,4077,2,1114,27,0.7158074137196421
opencv/opencv,83506,C++,4774,0,13068,66,0.7680527112456593
gohugoio/hugo,82872,Go,4424,0,2946,337,0.9437885010266941
gothinkster/realworld,82200,TypeScript,3457,3,433,0,0.9280442804428044
mermaid-js/mermaid,82107,TypeScript,3939,0,2430,157,0.6230677764565993
animate-css/animate.css,82033,CSS,5055,381,315,22,0.9556818181818182
laravel/laravel,81808,Blade,5181,0,1639,197,0
macrozheng/mall,81269,Java,2689,3,1,3,0.9798792756539235
home-assistant/core,80734,Python,4349,0,75628,1000,0.9616655969191271
tonsky/FiraCode,79886,Clojure,3929,90,137,29,0.6994134897360704
oven-sh/bun,79685,Zig,1583,0,5922,196,0.6342962507682852
3b1b/manim,79506,Python,3798,61,642,13,0.6284062758051198
DigitalPlatDev/FreeDomain,78956,HTML,441,92,0,0,0
spring-projects/spring-boot,78097,Java,4682,0,42,317,0.98482336436679
doocs/advanced-java,78088,Java,2504,29,88,1,0.9931972789115646
bregman-arie/devops-exercises,77950,Python,2142,7,302,0,0.6464646464646465
tensorflow/models,77615,Python,3478,0,2341,50,0.8528446389496718
MunGell/awesome-for-beginners,76595,N/A,3582,46,450,0,0.9405405405405406
microsoft/ML-For-Beginners,76547,HTML,1625,7,374,0,0.958904109589041
DopplerHQ/awesome-interview-questions,76489,N/A,3547,381,175,0,0.5573770491803278
MisterBooo/LeetCodeAnimation,76383,Java,2443,731,63,0,0.6774193548387096
x1xhlol/system-prompts-and-models-of-ai-tools,76379,N/A,162,0,22,0,0.5416666666666666
nomic-ai/gpt4all,76357,C++,871,79,934,38,0.6804029304029304
microsoft/playwright,75958,TypeScript,2099,0,15024,150,0.9493025256559946
FortAwesome/Font-Awesome,75563,JavaScript,4927,21,211,60,0.8048125633232016
netdata/netdata,75531,C,4441,0,10898,120,0.9795314426633785
fighting41love/funNLP,75435,Python,2550,461,14,0,0.5802469135802469
ByteByteGoHq/system-design-101,75330,N/A,696,132,23,0,0.3148148148148148
anuraghazra/github-readme-stats,74987,JavaScript,1862,0,1302,0,0.8496932515337423
syncthing/syncthing,74834,Go,4279,0,2750,438,0.9424903271192402
typicode/json-server,74762,JavaScript,4278,136,121,38,0.4700342465753425
vitejs/vite,74729,TypeScript,1941,2,5564,597,0.9422838741639832
unionlabs/union,73855,Rust,821,0,2740,95,0.8736263736263736
ruanyf/weekly,73694,N/A,2497,0,101,0,0.1525134904856575
elastic/elasticsearch,73533,Java,5666,0,80297,202,0.8939315416697515
hoppscotch/hoppscotch,73503,TypeScript,2185,0,1861,83,0.7607843137254902
coder/code-server,73390,TypeScript,2360,2,1575,199,0.9640734737979471
louislam/uptime-kuma,73232,JavaScript,1503,5,1317,111,0.8298845043310876
vuejs/awesome-vue,73167,N/A,3587,38,3574,0,0.8333333333333334
immich-app/immich,72859,TypeScript,1288,0,7107,259,0.9098518995492595
junegunn/fzf,72815,Go,4313,0,590,70,0.9226684367739795
sdmg15/Best-websites-a-programmer-should-visit,72638,N/A,3084,44,431,0,0.5919540229885057
hacksider/Deep-Live-Cam,72478,Python,690,3,85,8,0.9364754098360656
nestjs/nest,72218,TypeScript,3113,0,7397,131,0.9948853615520282
d2l-ai/d2l-zh,71675,Python,2913,380,1019,16,0
microsoft/markitdown,71412,Python,274,3,147,14,0.21495327102803738
CompVis/stable-diffusion,71332,Jupyter Notebook,1100,422,5,0,0.26859504132231404
abi/screenshot-to-code,70706,Python,639,18,49,0,0.7301587301587301
thedaviddias/Front-End-Checklist,70545,N/A,2859,181,179,1,0.9932432432432432
moby/moby,70465,Go,4591,0,21465,237,0.8620376378974691
redis/redis,70457,C,5990,0,4156,95,0.6829592439456585
pallets/flask,70172,Python,5609,63,1604,36,0.9977711738484398
clash-verge-rev/clash-verge-rev,70096,TypeScript,632,0,306,49,0.9772179040471723
ventoy/Ventoy,69835,C,1983,9,280,103,0.6329766151407055
Developer-Y/cs-video-courses,69566,N/A,3219,2,234,0,0
grafana/grafana,69438,TypeScript,4264,0,56577,550,0.9149519219006141
google-gemini/gemini-cli,69437,TypeScript,119,0,1784,43,0.5451770451770451
hakimel/reveal.js,69406,JavaScript,5182,9,409,49,0.6867127184071515
enaqx/awesome-react,69378,N/A,4026,251,780,0,0.9646017699115044
josephmisiti/awesome-machine-learning,69306,Python,4048,1,872,0,1.0
swisskyrepo/PayloadsAllTheThings,69192,Python,3222,0,548,5,0
binary-husky/gpt_academic,69111,Python,878,14,223,32,0.848937392303274
strapi/strapi,69035,TypeScript,3606,0,9115,477,0.9117304417958598
swiftlang/swift,68952,C++,3583,0,55368,60,0.5618882788254953
tesseract-ocr/tesseract,68832,C++,4020,3,1410,34,0.8447136563876652
protocolbuffers/protobuf,68794,C++,4006,0,7763,195,0.9651951182763296
base/node,68447,Go,925,0,186,54,0.7949790794979079
python/cpython,68363,Python,3107,0,52691,0,0.9009744247618527
sherlock-project/sherlock,67995,Python,2425,100,642,1,0.9031657355679702
browser-use/browser-use,67623,Python,287,0,956,71,0.523854961832061
apache/superset,67571,TypeScript,3677,0,14797,231,0.960203290550435
ocornut/imgui,67558,C++,4042,1,405,114,0.8453055598100782
expressjs/express,67512,JavaScript,5893,1,458,160,0.9739283028327902
openai/openai-cookbook,67106,Jupyter Notebook,1252,0,856,0,0.9343434343434344
Alvin9999/new-pac,66950,Python,3431,0,0,0,0.7545351473922902
chartjs/Chart.js,66368,JavaScript,4533,8,3002,116,0.9365450791465932
PKUFlyingPig/cs-self-learning,66347,HTML,1394,17,296,5,0.49523809523809526
obsproject/obs-studio,66189,C,4335,3,5197,223,0.8545612889179186
caddyserver/caddy,66152,Go,3866,0,2116,128,0.9585648148148148
punkpeye/awesome-mcp-servers,66026,N/A,257,1,917,0,0.73
localsend/localsend,65964,Dart,973,0,667,24,0.45320197044334976
ansible/ansible,65922,Python,4909,0,39172,161,0.9834292638594365
fffaraz/awesome-cpp,65621,N/A,4046,0,800,0,0.4065180102915952
leonardomso/33-js-concepts,65522,JavaScript,2536,109,251,0,0.7864077669902912
webpack/webpack,65477,JavaScript,4905,0,5096,437,0.9879076221627515
Eugeny/tabby,65476,TypeScript,3156,5,1489,199,0.5982425307557118
nektos/act,65090,Go,2416,2,1045,88,0.828125
xtekky/gpt4free,64943,Python,869,1,813,329,0.9946178686759957
danielmiessler/SecLists,64909,PHP,4925,0,681,28,0.9797297297297297
AppFlowy-IO/AppFlowy,64893,Dart,1520,1,3882,111,0.7317073170731707
astral-sh/uv,64812,Rust,682,0,7140,207,0.7407762995473872
lydiahallie/javascript-questions,64758,N/A,2255,375,328,0,0.932
binhnguyennus/awesome-scalability,64471,N/A,2787,19,36,0,0
lobehub/lobe-chat,64458,TypeScript,816,0,2479,1000,0.7979962721342032
kdn251/interviews,64348,Java,3103,94,42,0,0.42857142857142855
apache/echarts,64346,TypeScript,4516,3,1445,122,0.9026372358831857
Stirling-Tools/Stirling-PDF,64325,Java,930,0,2193,135,0.775377969762419
modelcontextprotocol/servers,64320,TypeScript,268,1,820,19,0.7033492822966507
awesomedata/awesome-public-datasets,64069,N/A,3920,22,188,1,0.4067796610169492
zed-industries/zed,63790,Rust,1636,0,16116,958,0.8130821034532167
kelseyhightower/nocode,63755,Dockerfile,2746,372,1,1,0.14729479530960707
rasbt/LLMs-from-scratch,63628,Jupyter Notebook,753,0,382,0,0.9705882352941176
jesseduffield/lazygit,63593,Go,2644,0,1682,169,0.6953671328671329
twitter/the-algorithm,63489,Scala,871,400,2,0,0.7222222222222222
keras-team/keras,63328,Python,3793,0,4224,80,0.9815539407490218
juliangarnier/anime,63160,JavaScript,3441,1,79,22,0.905422446406053
scikit-learn/scikit-learn,63029,Python,5476,0,13441,47,0.864405324173465
bradtraversy/design-resources-for-developers,62708,N/A,1926,24,949,0,1.0
TheAlgorithms/Java,62688,Java,3316,0,2012,0,0.995475113122172
resume/resume.github.com,62598,JavaScript,5303,911,84,0,0.5409836065573771
labmlai/annotated_deep_learning_paper_implementations,62506,Python,1815,2,101,0,0.8248175182481752
chrislgarry/Apollo-11,62446,Assembly,4151,7,343,0,0.8534031413612565
infiniflow/ragflow,62363,TypeScript,611,0,3667,29,0.46381847914963203
socketio/socket.io,62293,TypeScript,5635,5,435,75,0.9463495575221239
sindresorhus/awesome-nodejs,62188,N/A,4052,29,418,0,0.9807692307692307
prakhar1989/awesome-courses,62164,N/A,3925,833,194,0,0.4936708860759494
FuelLabs/sway,62145,Rust,1668,0,3495,178,0.7426403641881639
All-Hands-AI/OpenHands,62104,Python,519,0,5030,75,0.9063472308649658
reduxjs/redux,61304,TypeScript,3730,21,1720,78,0.9815802229762481
facebook/docusaurus,61290,TypeScript,2977,2,5481,151,0.9113656918902623
lodash/lodash,60838,JavaScript,4877,245,581,2,0.980746926467177
dair-ai/Prompt-Engineering-Guide,60738,MDX,972,1,338,0,0.31981981981981983
atom/atom,60561,JavaScript,4955,954,3933,538,0.9437755698421976
h5bp/Front-end-Developer-Interview-Questions,60497,Nunjucks,4935,2,484,0,0.807909604519774
xingshaocheng/architect-awesome,60376,N/A,2687,490,49,0,0.30985915492957744
openinterpreter/open-interpreter,60267,Python,762,8,369,48,0.7775609756097561
localstack/localstack,60093,Python,3215,0,6205,94,0.9596128170894526
adam-p/markdown-here,59998,JavaScript,4841,35,27,17,0.5151033386327504
alacritty/alacritty,59924,Rust,3465,12,1886,101,0.9474028095393662
prometheus/prometheus,59922,Go,4646,0,7619,341,0.915598117188768
rust-lang/rustlings,59613,Rust,3621,41,912,45,0.9320652173913043
jquery/jquery,59542,JavaScript,5977,2,811,11,0.9661733615221987
mlabonne/llm-course,59486,N/A,789,71,1,0,0.3614457831325301
NationalSecurityAgency/ghidra,59425,Java,2358,1,520,45,0.7344315713251267
ryanoasis/nerd-fonts,59149,CSS,3905,11,550,38,0.9752066115702479
shadowsocks/shadowsocks-windows,58976,C#,4595,225,290,55,0.9364697802197802
tldr-pages/tldr,58784,Markdown,4267,0,14574,6,0.8805280528052806
angular/angular.js,58759,JavaScript,5700,489,789,0,0.9567477876106195
spring-projects/spring-framework,58656,Java,5363,0,870,341,0.9898810842750573
meta-llama/llama,58629,Python,912,200,53,0,0.5954337899543379
scrapy/scrapy,57941,Python,5652,2,2387,43,0.8533668974197609
nuxt/nuxt,57919,TypeScript,3214,2,6878,256,0.9532451923076923
FoundationAgents/MetaGPT,57865,Python,776,45,660,22,0.9895591647331786
youngyangyang04/leetcode-master,57776,Shell,2070,1,2306,0,0.2426470588235294
gorhill/uBlock,57651,JavaScript,3788,0,252,277,0.9962264150943396
FuelLabs/fuel-core,57543,Rust,1813,1,1553,123,0.8723021582733813
Shubhamsaboo/awesome-llm-apps,57494,Python,472,0,131,0,0.9555555555555556
rails/rails,57287,Ruby,6334,0,25140,149,0.9738288981746206
h5bp/html5-boilerplate,57117,JavaScript,5681,13,790,34,0.9940915805022157
Solido/awesome-flutter,56830,Dart,3021,25,444,0,0
zylon-ai/private-gpt,56462,Python,835,274,224,10,0.7922506183017313
scutan90/DeepLearning-500-questions,56441,JavaScript,2605,414,302,0,0.42408376963350786
nocodb/nocodb,56425,TypeScript,2846,0,5240,173,0.8526490066225165
soimort/you-get,56310,Python,4742,109,582,123,0
jgraph/drawio-desktop,56290,JavaScript,3003,22,20,159,0.9620098039215687
hiyouga/LLaMA-Factory,56195,Python,809,1,683,34,0.9218084375429435
traefik/traefik,56056,Go,3623,1,4697,481,0.8991331757289204
git/git,56015,C,6231,0,3,0,0
PlexPt/awesome-chatgpt-prompts-zh,55955,N/A,976,225,33,0,0.6041666666666666
FiloSottile/mkcert,55916,Go,2607,366,52,14,0.6947674418604651
gatsbyjs/gatsby,55916,JavaScript,3738,0,18183,149,0.9846295509278935
commaai/openpilot,55774,Python,3185,0,11741,57,0.9561087454962333
azl397985856/leetcode,55567,JavaScript,2694,29,257,40,0.9649805447470817
remix-run/react-router,55363,TypeScript,4108,0,3170,309,0.9875860373647984
topjohnwu/Magisk,55275,Kotlin,3262,1,1611,151,0.9940847322142287
ageitgey/face_recognition,55253,Python,3086,358,94,2,0.4343065693430657
vllm-project/vllm,55242,Python,917,0,8494,70,0.8222353172264781
ultralytics/yolov5,55001,Python,1914,0,2206,10,0.9727465535524921
CorentinJ/Real-Time-Voice-Cloning,54854,Python,2272,76,48,0,0.8138056312443234
AntonOsika/gpt-engineer,54712,Python,838,92,350,20,0.93812375249501
minio/minio,54572,Go,3865,2,9853,519,0.9952600563668973
BurntSushi/ripgrep,54400,Rust,3443,17,516,72,0.9233021077283372
deepfakes/faceswap,54396,Python,2795,34,357,4,0.9614074914869466
toeverything/AFFiNE,54279,TypeScript,1110,0,8706,565,0.9140755600133734
ElemeFE/element,54241,Vue,3267,359,3231,145,0.8537677751651551
pmndrs/zustand,54127,TypeScript,2319,5,804,97,0.9956521739130435
lencx/ChatGPT,54014,Rust,981,350,123,34,0.30158730158730157
sharkdp/bat,53896,Rust,2672,0,1456,41,0.7840158520475562
golang-standards/project-layout,53465,Makefile,2896,212,90,0,0.39285714285714285
necolas/normalize.css,53354,CSS,5216,428,56,0,0.8916827852998066
wasabeef/awesome-android-ui,53348,N/A,3886,404,90,0,0.8245614035087719
Textualize/rich,53306,Python,2104,1,836,170,0.8552447552447553
Z4nzu/hackingtool,53254,Python,1951,164,56,0,0.8605898123324397
psf/requests,53164,Python,5296,3,1590,13,0.9512074913750616
maybe-finance/maybe,52966,Ruby,591,21,1073,28,0
pi-hole/pi-hole,52934,Shell,4085,1,2104,118,0.9883040935672515
withastro/astro,52835,TypeScript,1613,0,7312,1000,0.9713719841555636
meilisearch/meilisearch,52747,Rust,2670,0,2145,265,0.9092488059053409
PaddlePaddle/PaddleOCR,52634,Python,1924,2,2927,22,0.9866207176160552
appwrite/appwrite,52283,TypeScript,2320,0,3826,112,0.8475863758882627
FFmpeg/FFmpeg,52187,C,5236,0,16,0,0
rclone/rclone,52056,Go,4169,0,2107,114,0.8297872340425532
rust-unofficial/awesome-rust,52032,Rust,4046,3,1567,0,0.9295774647887324
tiimgreen/github-cheat-sheet,51997,N/A,4142,486,129,0,0.676056338028169
ionic-team/ionic-framework,51981,TypeScript,4377,0,6293,913,0.9740613096317794
google/material-design-icons,51963,N/A,3963,1,50,16,0.7590045841519318
wagoodman/dive,51699,Go,2650,2,164,28,0.5626740947075209
mozilla/pdf.js,51565,JavaScript,5224,0,8085,76,0.9608682955319771
facebookresearch/segment-anything,51526,Jupyter Notebook,875,330,15,0,0.2532005689900427
vuejs/core,51303,TypeScript,2620,0,3206,245,0.8837209302325582
Semantic-Org/Semantic-UI,51189,JavaScript,4511,260,355,154,0.8449077786688052
sickcodes/Docker-OSX,51174,Shell,1897,69,107,0,0.42128935532233885
JetBrains/kotlin,51095,Kotlin,4931,0,2064,265,0
google/guava,51012,Java,4095,1,1013,56,0.826471400939486
ngosang/trackerslist,50980,N/A,3399,0,1,0,0.9876288659793815
unclecode/crawl4ai,50928,Python,462,1,85,7,0.8104993597951344
marktext/marktext,50892,JavaScript,2832,361,939,36,0.56312349501204
prettier/prettier,50836,JavaScript,3180,1,8868,127,0.8247986191024166
laurent22/joplin,50798,TypeScript,3132,0,4366,384,0.9252698588430667
romkatv/powerlevel10k,50503,Shell,2363,107,167,33,0.9587869362363919
starship/starship,50475,Rust,2326,0,2891,135,0.7054603427660423
jekyll/jekyll,50460,Ruby,6142,34,3188,112,0.9763120277721054
xai-org/grok-1,50408,Python,515,349,5,0,0
TryGhost/Ghost,50286,JavaScript,4485,0,14241,901,0.9921315160882395
DefinitelyTyped/DefinitelyTyped,50198,TypeScript,4696,0,52081,1,0.9300284336753616
go-gitea/gitea,50119,Go,3208,0,17757,216,0.8263062336090378
WerWolv/ImHex,50077,C++,1738,0,670,80,0.8342776203966006
etcd-io/etcd,50039,Go,4422,0,9763,259,0.9742636545610524
RVC-Boss/GPT-SoVITS,50017,Python,578,12,338,4,0.6243358129649309
chinese-poetry/chinese-poetry,49909,JavaScript,3268,134,137,1,0.43601895734597157
pocketbase/pocketbase,49894,Go,1136,2,53,220,0.9896514161220044
firstcontributions/first-contributions,49891,N/A,3250,0,85697,0,0.9753218884120172
jgthms/bulma,49888,CSS,3491,48,642,22,0.8798677443056576
vsouza/awesome-ios,49617,Swift,4053,191,2233,0,0.9959016393442623
ethereum/go-ethereum,49533,Go,4249,0,8224,219,0.976170815146868
cline/cline,49236,TypeScript,404,0,1572,140,0.7835477941176471
OpenBB-finance/OpenBB,49199,Python,1698,4,4114,46,0.9781542576905929
poteto/hiring-without-whiteboards,49123,JavaScript,3074,14,1300,0,0
FoundationAgents/OpenManus,48975,Python,161,1,106,3,0.43892045454545453
mastodon/mastodon,48868,Ruby,3461,0,17670,289,0.6714600866083831
agalwood/Motrix,48834,JavaScript,2431,399,192,21,0.44286781179985063
cypress-io/cypress,48820,TypeScript,3817,0,7316,372,0.914502092606125
microsoft/autogen,48691,Python,727,3,2485,95,0.8626141953619114
NARKOZ/hacker-scripts,48645,JavaScript,3554,661,63,0,0.6022727272727273
justjavac/awesome-wechat-weapp,48639,N/A,3248,175,277,0,0
Asabeneh/30-Days-Of-Python,48471,Python,2095,71,61,0,0.5939849624060151
AlistGo/alist,48327,Go,1695,8,854,135,0.8726643598615917
ReactiveX/RxJava,48237,Java,4601,1,3325,241,0.9962145110410094
PowerShell/PowerShell,48187,C#,3501,0,7542,186,0.9152125451610423
iamkun/dayjs,48128,JavaScript,2683,24,694,119,0.47966101694915253
moment/moment,48090,JavaScript,5280,365,714,0,0.9417288706958825
Avik-Jain/100-Days-Of-ML-Code,47976,N/A,2597,594,6,0,0
dani-garcia/vaultwarden,47923,Rust,2735,0,992,73,0.996605854900297
charlax/professional-programming,47915,Python,3568,4,39,0,1.0
mendableai/firecrawl,47893,TypeScript,486,0,802,22,0.781437125748503
Mintplex-Labs/anything-llm,47889,JavaScript,802,0,1071,19,0.9066959385290889
algorithm-visualizer/algorithm-visualizer,47629,JavaScript,3379,431,183,0,0.6495726495726496
JuliaLang/julia,47477,Julia,5229,0,25781,181,0.8430443707563556
minimaxir/big-list-of-naughty-strings,47378,Python,3659,483,90,0,0.31683168316831684
TapXWorld/ChinaTextbook,47199,Roff,2048,88,1,0,0.4774774774774775
huginn/huginn,47046,Ruby,4540,1,1043,1,0.7230414746543778
nlohmann/json,46832,C++,4424,1,894,45,0.9832976445396145
serverless/serverless,46819,JavaScript,3768,8,4717,453,0.8262204482652747
gogs/gogs,46767,Go,4201,10,1766,84,0.8188869497770022
karan/Projects,46731,N/A,4424,365,19,0,0.4268292682926829
kamranahmedse/design-patterns-for-humans,46725,N/A,3101,255,50,0,0.9038461538461539
LadybirdBrowser/ladybird,46705,C++,441,0,4173,0,0.5580357142857143
x64dbg/x64dbg,46686,C++,3778,0,736,3,0.7691428571428571
square/okhttp,46590,Kotlin,4770,0,3755,0,0.9882747068676717
typescript-cheatsheets/react,46535,JavaScript,2630,84,369,0,0.9909502262443439
pandas-dev/pandas,46290,Python,5469,0,26895,111,0.8703435804701628
v2ray/v2ray-core,46272,Go,3632,2,203,247,0.9972972972972973
TanStack/query,46268,TypeScript,2165,0,2887,1000,0.9699491447064262
type-challenges/type-challenges,46260,TypeScript,1848,38,588,0,0.10589145573118161
hashicorp/terraform,46106,Go,4172,0,12775,377,0.9189328100177554
dkhamsing/open-source-ios-apps,46096,N/A,3853,1,1400,37,1.0
ziishaned/learn-regex,46060,N/A,2945,140,131,0,0.40229885057471265
lllyasviel/Fooocus,46018,Python,736,202,447,21,0.8684047175667288
slab/quill,45929,TypeScript,4763,20,381,95,0.8653948065712772
lyswhut/lx-music-desktop,45715,TypeScript,2192,4,86,110,0.5652173913043478
bigskysoftware/htmx,45661,JavaScript,1949,12,956,26,0.6401273885350318
jesseduffield/lazydocker,45616,Go,2280,235,186,42,0.525
pixijs/pixijs,45545,TypeScript,4588,9,3666,293,0.9590301003344481
kelseyhightower/kubernetes-the-hard-way,45439,N/A,3325,126,73,0,0.9695550351288056
android/architecture-samples,45229,Kotlin,3478,0,232,0,0.7160493827160493
jakevdp/PythonDataScienceHandbook,45212,Jupyter Notebook,3291,414,28,0,0.3842364532019704
brillout/awesome-react-components,45188,N/A,3338,367,324,0,0.8461538461538461
skylot/jadx,45092,Java,4532,2,577,31,0.7981171548117155
odoo/odoo,45012,Python,4111,0,6181,0,0.8214946154682911
jestjs/jest,44964,TypeScript,4266,18,5701,208,0.9688116370808678
Asabeneh/30-Days-Of-JavaScript,44929,JavaScript,2061,184,98,0,0.3390804597701149
ColorlibHQ/AdminLTE,44910,CSS,4250,7,1545,77,0.9501039501039501
typst/typst,44838,Rust,2151,1,1810,22,0.7403873952009251
serhii-londar/open-source-mac-os-apps,44834,N/A,2841,110,525,0,0.7630331753554502
discourse/discourse,44802,Ruby,4598,0,29943,0,0
dbeaver/dbeaver,44801,Java,3585,0,6072,229,0.8433878311258278
akullpp/awesome-java,44694,N/A,4054,18,715,0,1.0
oobabooga/text-generation-webui,44691,Python,967,0,1182,79,0.3567675756817613
meteor/meteor,44682,JavaScript,4956,0,2531,0,0.97196566337064
Homebrew/brew,44526,Ruby,3448,0,12942,440,0.9949864215583873
dypsilon/frontend-dev-bookmarks,44496,N/A,4436,450,129,1,0.7663551401869159
google/zx,44461,JavaScript,1562,4,538,95,0.9713701431492843
ultralytics/ultralytics,44368,Python,1068,0,3488,253,0.978240302743614
coollabsio/coolify,44260,PHP,1662,0,1638,619,0.7982046678635547
vercel/hyper,44173,TypeScript,3331,365,3291,88,0.7530152071316204
termux/termux-app,44109,Java,3583,2,162,95,0.8625299965718204
isocpp/CppCoreGuidelines,44056,CSS,3648,18,812,4,0.7960363336085879
unslothai/unsloth,44011,Python,624,0,469,16,0.707166392092257
parcel-bundler/parcel,43924,JavaScript,2929,6,2591,48,0.9130514035727306
2dust/v2rayNG,43809,Kotlin,2283,0,495,255,0.9976525821596244
astaxie/build-web-application-with-golang,43749,Go,4760,459,757,0,0.6019736842105263
DovAmir/awesome-design-patterns,43717,N/A,2628,293,30,0,0.3333333333333333
run-llama/llama_index,43705,Python,1016,0,6988,404,0.9657627632176943
babel/babel,43688,TypeScript,3973,0,6281,442,0.9337556963432255
aymericdamien/TensorFlow-Examples,43684,Jupyter Notebook,3564,384,88,0,0.29535864978902954
acmesh-official/acme.sh,43675,Shell,3519,2,1420,44,0.6734138972809668
square/retrofit,43668,HTML,5456,0,1179,4,0.9537845705967977
react-hook-form/react-hook-form,43649,TypeScript,2354,6,2070,585,0.9851024208566108
FuelLabs/fuels-rs,43640,Rust,1383,0,896,117,0.925531914893617
FuelLabs/fuels-ts,43627,TypeScript,1441,4,1969,154,0.9601648351648352
jeecgboot/JeecgBoot,43626,Java,2453,0,122,61,0.9977453580901857
karpathy/nanoGPT,43621,Python,960,248,45,0,0.3253731343283582
usememos/memos,43604,Go,1345,1,1792,80,0.9898125509372453
microsoft/monaco-editor,43597,JavaScript,3355,0,467,91,0.8230227094753328
grpc/grpc,43498,C++,3902,0,19984,355,0.9429177268871926
prisma/prisma,43498,TypeScript,2247,0,6325,223,0.7965967201551755
yangshun/front-end-interview-handbook,43420,MDX,2770,24,345,0,0.900990099009901
streamich/react-use,43410,TypeScript,2483,1,1532,256,0.40871021775544386
Leaflet/Leaflet,43391,JavaScript,5440,0,3097,32,0.9256308100929614
LeCoupa/awesome-cheatsheets,43344,JavaScript,2835,355,169,0,0.6145833333333334
metabase/metabase,43253,Clojure,3846,0,33830,676,0.8437540734303715
RocketChat/Rocket.Chat,43199,TypeScript,3740,0,14433,1000,0.842314514649214
pyenv/pyenv,42908,Roff,4731,0,972,131,0.9719827586206896
GitSquared/edex-ui,42861,JavaScript,3120,1395,399,29,0.9892665474060823
sudheerj/reactjs-interview-questions,42755,JavaScript,2632,14,162,0,0.9727272727272728
jellyfin/jellyfin,42657,C#,2440,0,4814,91,0.9465270121278941
FlowiseAI/Flowise,42656,TypeScript,867,0,1321,73,0.7306654676258992
Unitech/pm2,42459,JavaScript,4468,70,551,128,0.8029139594408348
k88hudson/git-flight-rules,42411,N/A,4041,125,225,0,0.7534246575342466
expo/expo,42399,TypeScript,3286,0,17797,0,0.9750103385124358
coreybutler/nvm-windows,42390,Go,3981,136,107,23,0.9146868250539957
ClickHouse/ClickHouse,42327,C++,3360,0,50197,672,0.8232365811554057
ggml-org/whisper.cpp,42309,C++,1054,1,861,27,0.4750430292598967
alex/what-happens-when,42140,N/A,4298,360,108,0,0.1815068493150685
Alamofire/Alamofire,42053,Swift,4032,92,650,102,0.984994640943194
coqui-ai/TTS,42031,Python,1912,363,465,98,0.9974747474747475
faif/python-patterns,41932,Python,4817,27,273,0,0.8924731182795699
opendatalab/MinerU,41904,Python,532,0,1017,121,0.9242788461538461
GokuMohandas/Made-With-ML,41893,Jupyter Notebook,2474,361,147,0,0.7837837837837838
Light-City/CPlusPlusThings,41809,C++,2223,426,72,0,0.956140350877193
getsentry/sentry,41729,Python,5463,0,72628,153,0.863572701807996
apache/spark,41658,Scala,4188,0,8,0,0
astral-sh/ruff,41624,Rust,1101,0,11103,375,0.7896663381669717
apache/airflow,41555,Python,3776,0,29141,102,0.8954549124081699
yarnpkg/yarn,41550,JavaScript,3495,0,1654,152,0.7161671207992734
Stability-AI/stablediffusion,41536,Python,995,50,17,0,0.2345679012345679
Kong/kong,41535,Lua,3923,8,6478,145,0.9842001316655694
iina/iina,41529,Swift,3160,5,850,45,0.579966531197705
NaiboWang/EasySpider,41463,JavaScript,1853,14,40,10,0.6845827439886846
spf13/cobra,41430,Go,4363,3,614,24,0.8142031379025598
freqtrade/freqtrade,41363,Python,3011,0,5878,100,0.9947398083787338
mingrammer/diagrams,41323,Python,2020,3,326,44,0.41541353383458646
nolimits4web/swiper,41305,JavaScript,4901,1,604,87,0.9631240215689685
tldraw/tldraw,41285,TypeScript,1558,0,3538,79,0.8725490196078431
apachecn/ailearning,41257,Python,3092,275,478,2,0.9739130434782609
apache/dubbo,41209,Java,4804,0,5785,111,0.8899738687938386
bailicangdu/vue2-elm,41148,Vue,3156,125,21,0,0.8126984126984127
zai-org/ChatGLM-6B,41111,Python,885,413,48,0,0.5741590214067278
hpcaitech/ColossalAI,41081,Python,1386,0,3697,50,0.7529002320185615
dcloudio/uni-app,41035,JavaScript,2590,0,454,0,0.8607491856677525
bevyengine/bevy,41028,Rust,2035,0,6130,43,0.6687108013937282
tw93/Pake,41020,Rust,1035,0,100,31,0.8819095477386935
nwjs/nw.js,41010,JavaScript,4971,0,575,0,0.8755916159567275
KRTirtho/spotube,40995,Dart,1642,0,245,40,0.5807836822329576
AykutSarac/jsoncrack.com,40916,TypeScript,1292,14,85,22,0.8796992481203008
streamlit/streamlit,40913,Python,2183,0,5627,105,0.7937395192845165
styled-components/styled-components,40865,TypeScript,3285,57,966,176,0.8977311208940061
psf/black,40798,Python,2710,4,1582,46,0.8788101358795446
docker/awesome-compose,40787,HTML,2009,23,149,0,0.31496062992125984
vuetifyjs/vuetify,40664,TypeScript,3259,0,4386,605,0.9665524884142656
hexojs/hexo,40644,TypeScript,4708,2,944,114,0.98168130489335
zhongyang219/TrafficMonitor,40479,C++,2937,14,63,26,0.3783209351753454
ziglang/zig,40476,Zig,3661,0,9138,20,0.7400199218450694
fastlane/fastlane,40403,Ruby,3908,7,6234,552,0.9483347242242622
bannedbook/fanqiang,40257,Kotlin,3866,14,3,3,0.5871212121212122
cli/cli,40250,Go,2142,0,2594,173,0.8364952082925875
mitmproxy/mitmproxy,40153,Python,5658,6,2628,76,0.9061534138803035
SimplifyJobs/Summer2026-Internships,39998,N/A,1909,0,1673,0,0.9973691902952353
tabler/tabler,39937,HTML,2751,15,722,51,0.9219467401285583
dylanaraps/pure-bash-bible,39933,Shell,2619,625,28,0,0.42857142857142855
chubin/cheat.sh,39899,Python,3021,6,129,0,0.5175097276264592
LC044/WeChatMsg,39881,N/A,946,110,62,0,0
1c7/chinese-independent-developer,39834,N/A,2884,0,311,0,0.9949494949494949
deepspeedai/DeepSpeed,39735,Python,2030,0,2738,97,0.6568813131313131
GitHubDaily/GitHubDaily,39613,N/A,2419,147,3,0,0.30715532286212915
microsoft/AI-For-Beginners,39600,Jupyter Notebook,1625,7,168,0,0.7969924812030075
penpot/penpot,39573,Clojure,3516,0,4484,59,0.7463389121338913
bradtraversy/50projects50days,39537,CSS,1732,169,44,0,0
chakra-ui/chakra-ui,39529,TypeScript,2189,0,2806,1000,1.0
colinhacks/zod,39522,TypeScript,1986,1,833,179,0.9281726832899144
gradio-app/gradio,39459,Python,2430,0,4727,1000,0.9269776876267748
google-research/bert,39417,Python,2485,387,32,0,0.31004366812227074
lukasz-madon/awesome-remote-job,39369,N/A,3878,15,592,0,0.9493670886075949
wg/wrk,39366,C,4895,593,0,0,0.645320197044335
slidevjs/slidev,39363,TypeScript,1573,8,704,394,0.884393063583815
helix-editor/helix,39356,Rust,1900,2,4227,30,0.8434879821129122
php/php-src,39357,C,5173,0,4242,23,0.8096234309623431
QSCTech/zju-icicles,39312,HTML,3334,52,224,0,0.8846153846153846
virattt/ai-hedge-fund,39298,Python,258,3,33,0,0.9162790697674419
evanw/esbuild,39223,Go,3348,1,246,301,0.8641449120937666
floodsung/Deep-Learning-Papers-Reading-Roadmap,39216,Python,3226,991,28,0,0.08771929824561403
harry0703/MoneyPrinterTurbo,39125,Python,521,64,136,9,0.6865148861646234
byoungd/English-level-up-tips,39096,HTML,2998,397,26,0,0.7128712871287128
sharkdp/fd,39048,Rust,3019,2,650,40,0.8590163934426229
videojs/video.js,39036,JavaScript,5571,13,1801,332,0.8928107003529631
gedoor/legado,39012,Kotlin,2276,3,1134,115,0.9871447902571042
lm-sys/FastChat,38987,Python,880,73,849,14,0.5613480779357557
Dogfalo/materialize,38952,JavaScript,3989,4,449,41,0.8806970509383378
pingcap/tidb,38879,Go,3630,0,33028,210,0.8095954844778928
upscayl/upscayl,38855,TypeScript,1111,13,100,29,0.9388185654008439
ChrisTitusTech/winutil,38816,PowerShell,1204,5,846,22,0.8987875593041644
vim/vim,38761,Vim Script,3649,0,440,0,0.8295148247978437
jgm/pandoc,38758,Haskell,5626,0,1681,147,0.8779937304075235
go-gorm/gorm,38691,Go,4311,10,753,5,0.9249624812406203
curl/curl,38545,C,5628,0,198,91,0.9972794403420132
tmux/tmux,38523,C,3725,10,1,37,0.9854408196279321
zhayujie/chatgpt-on-wechat,38520,Python,1103,6,261,63,0.8503503503503503
ray-project/ray,38469,Python,3215,0,27044,108,0.8711747521670418
aria2/aria2,38448,C++,5374,376,252,24,0.43620963472736896
remoteintech/remote-jobs,38418,JavaScript,3593,23,1283,0,0.8842105263157894
google/styleguide,38415,HTML,3739,14,194,0,0.6751412429378532
suno-ai/bark,38368,Jupyter Notebook,860,360,19,0,0.5106837606837606
QuivrHQ/quivr,38287,Python,825,36,1819,354,0.9986970684039088
DIYgod/RSSHub,38283,TypeScript,2691,0,11032,0,0.9429463992107859
saadeghi/daisyui,38283,Svelte,1720,1,426,100,0.9766141331977631
phaserjs/phaser,38275,JavaScript,4507,6,1729,171,0.981762250054933
mem0ai/mem0,38231,Python,786,0,1653,265,0.6537037037037037
trpc/trpc,38204,TypeScript,1853,8,3701,217,0.88828125
files-community/Files,38148,C#,2414,0,5330,123,0.9534026465028356
photoprism/photoprism,38126,Go,2756,0,810,78,0.8224652923853597
PhilJay/MPAndroidChart,38075,Java,4129,70,191,44,0.5839210155148096
makeplane/plane,38057,TypeScript,999,0,5566,48,0.6618320610687023
freefq/free,38024,N/A,1894,359,0,0,0.2874331550802139
impress/impress.js,38020,JavaScript,4978,8,120,15,0.8923395445134575
google/leveldb,37996,C++,4005,196,64,21,0.6920103092783505
logseq/logseq,37977,Clojure,1910,0,3064,150,0.8442395149065185
koalaman/shellcheck,37923,Haskell,4653,2,306,30,0.6036542515811666
preactjs/preact,37865,JavaScript,3625,0,1912,229,0.9714587737843552
appsmithorg/appsmith,37689,TypeScript,1871,1,13945,290,0.8157090723924297
ccxt/ccxt,37621,Python,3014,1,13333,172,0.9250802384227419
calcom/cal.com,37575,TypeScript,1606,0,10466,502,0.8581718827620467
novuhq/novu,37565,TypeScript,1449,0,5983,50,0.8643962848297214
gto76/python-cheatsheet,37555,Python,2758,14,14,0,0.9230769230769231
goabstract/Awesome-Design-Tools,37515,JavaScript,2375,382,283,0,0.5813953488372093
2noise/ChatTTS,37506,Python,444,39,215,6,0.8948170731707317
FreeCodeCampChina/freecodecamp.cn,37454,CSS,3240,760,55,0,0.7593856655290102
LAION-AI/Open-Assistant,37441,Python,975,362,1614,127,0.8613981762917933
karanpratapsingh/system-design,37440,N/A,1095,491,11,0,0.9545454545454546
ant-design/ant-design-pro,37404,TypeScript,2911,17,1008,26,0.9843125192248539
gofiber/fiber,37372,Go,2037,0,1793,127,0.9426751592356688
eugenp/tutorials,37224,Java,4490,0,13358,0,0.9784537389100126
cloudcommunity/Free-Certifications,37197,N/A,1840,23,114,0,0.6509433962264151
lapce/lapce,37149,Rust,2746,0,1171,32,0.5959493670886076
istio/istio,37143,Go,3191,0,28383,393,0.9777115275411697
naptha/tesseract.js,37033,JavaScript,3704,8,195,56,0.9573002754820936
TencentARC/GFPGAN,36985,Python,1609,384,14,8,0.2676056338028169
0voice/interview_internal_reference,36969,Python,2257,451,35,0,0.3877551020408163
dotnet/aspnetcore,36968,C#,4174,0,17705,258,0.9045895005856671
inkonchain/docs,36927,MDX,464,3,393,0,0.3939393939393939
Kong/insomnia,36915,TypeScript,3400,0,3331,522,0.8246384297520661
menloresearch/jan,36913,TypeScript,728,0,2622,87,0.945093871767623
payloadcms/payload,36901,TypeScript,1682,0,5774,520,0.8930395055092717
dockur/windows,36900,Shell,578,3,411,104,0.887816646562123
inkonchain/node,36888,Shell,458,22,35,6,0.5652173913043478
denysdovhan/wtfjs,36853,JavaScript,2953,149,125,25,0.811965811965812
freeCodeCamp/devdocs,36843,Ruby,4312,0,925,0,0.8447154471544716
NervJS/taro,36810,TypeScript,2685,1,3391,200,0.8782261286456252
inkonchain/ink-kit,36797,TypeScript,283,22,90,0,0.75
fastapi/full-stack-fastapi-template,36719,TypeScript,2364,0,410,10,0.6051401869158879
exacity/deeplearningbook-chinese,36666,TeX,3172,2081,16,7,0.6847290640394089
Aider-AI/aider,36663,Python,828,1,263,93,0.7313554708764289
vlang/v,36632,V,2379,0,12240,273,0.8864082687338501
alibaba/arthas,36603,Java,2542,15,540,59,0.8223495702005731
facebookresearch/faiss,36602,C++,3110,0,137,20,0.9135155372519655
AobingJava/JavaFamily,36597,N/A,2102,344,2,0,0.9230769230769231
google/googletest,36585,C++,3670,3,813,11,0.8519156263452432
huihut/interview,36577,C++,2743,18,35,0,0.9848484848484849
siyuan-note/siyuan,36569,TypeScript,1810,0,481,812,0.971919191919192
satwikkansal/wtfpython,36569,Python,2908,96,113,2,0.7072072072072072
milvus-io/milvus,36567,Go,2159,0,22719,128,0.9592550306836021
babysor/MockingBird,36539,Python,1468,272,80,1,0.46396396396396394
halo-dev/halo,36521,Java,2703,1,2603,225,0.9238802506381991
openai/gym,36376,Python,3396,307,998,19,0.939575394665215
httpie/cli,36352,Python,4919,240,406,47,0.8004434589800443
ToolJet/ToolJet,36318,JavaScript,1598,0,6616,313,0.8652724713452644
DataExpert-io/data-engineer-handbook,36250,Jupyter Notebook,634,2,171,0,0.8421052631578947
chatboxai/chatbox,36230,TypeScript,892,1,70,47,0.6418439716312057
usebruno/bruno,36195,JavaScript,1052,0,1251,140,0.6049586776859505
google-research/google-research,36190,Jupyter Notebook,2506,0,29,0,0.2444761225944405
open-guides/og-aws,36180,Shell,3319,363,498,0,0.3832599118942731
rapid7/metasploit-framework,36157,Ruby,5098,0,11336,0,0.9306883365200764
zbezj/HEU_KMS_Activator,36112,N/A,2244,38,0,47,0.15384615384615385
opentofu/manifesto,36081,HTML,732,149,765,0,0.5384615384615384
nushell/nushell,36079,Rust,2288,0,7865,111,0.774656396314756
hiroi-sora/Umi-OCR,36073,Python,1235,75,56,31,0.6547314578005116
date-fns/date-fns,36036,TypeScript,3965,0,1068,122,0.6847117794486216
shadowsocks/shadowsocks-android,35998,Kotlin,4624,33,256,185,0.9808383233532935
lerna/lerna,35998,TypeScript,3541,8,997,244,0.8519072550486163
docling-project/docling,35989,Python,401,0,504,114,0.5656192236598891
docker/compose,35965,Go,4266,1,3541,263,0.9909987669543773
XingangPan/DragGAN,35916,Python,819,453,18,0,0.24083769633507854
chatchat-space/Langchain-Chatchat,35879,TypeScript,867,142,615,31,0.9741812096581401
SheetJS/sheetjs,35847,N/A,4637,483,106,0,0.9501257334450964
formulahendry/955.WLB,35830,N/A,2332,192,18,0,0.311787072243346
geekxh/hello-algorithm,35750,Java,1903,793,26,0,0.75
NanmiCoder/MediaCrawler,35746,Python,797,0,100,0,0.7975460122699386
crewAIInc/crewAI,35697,Python,657,0,908,97,0.964116452268111
typeorm/typeorm,35662,TypeScript,3454,0,2170,37,0.7216064831366941
imputnet/cobalt,35660,Svelte,1133,3,243,0,0.8160427807486631
carbon-app/carbon,35618,JavaScript,2981,72,668,215,0.9153284671532846
koajs/koa,35588,JavaScript,4408,16,522,9,0.9827027027027027
hankcs/HanLP,35506,Python,3962,91,79,62,0.9944016794961511
alvarotrigo/fullPage.js,35460,JavaScript,4346,47,320,105,0.9680464778503994
airbnb/lottie-android,35442,Java,3234,6,713,59,0.9814293753517164
PKUanonym/REKCARC-TSC-UHT,35374,HTML,2323,35,170,0,0.9375
markedjs/marked,35327,TypeScript,5135,2,1553,155,0.9925093632958801
jondot/awesome-react-native,35311,JavaScript,3794,405,912,0,0.4794520547945205
kilimchoi/engineering-blogs,35307,Ruby,3715,358,681,0,0.7628865979381443
nativefier/nativefier,35264,TypeScript,3693,685,261,99,0.793856103476152
mindsdb/mindsdb,35239,Python,2569,0,5358,310,0.9883558453656265
spacedriveapp/spacedrive,35231,TypeScript,1417,143,1881,26,0.766798418972332
zen-browser/desktop,35181,C++,505,0,471,115,0.9435389988358557
junegunn/vim-plug,35130,Vim Script,4356,138,177,8,0.9315332690453231
sahat/hackathon-starter,35050,JavaScript,4292,15,347,17,0.9852941176470589
huggingface/pytorch-image-models,35030,Python,2385,6,479,69,0.949748743718593
sqlmapproject/sqlmap,35015,Python,4797,0,173,10,0.9910129189290395
unknwon/the-way-to-go_ZH_CN,35011,Go,4526,365,592,0,0
openai/codex,34954,Rust,123,0,817,73,0.7119628339140535
alebcay/awesome-shell,34950,N/A,4056,358,307,0,0.3709677419354839
twentyhq/twenty,34942,TypeScript,987,0,7128,45,0.9623915139826422
bumptech/glide,34935,Java,4420,1,569,47,0.874804731086811
pola-rs/polars,34895,Rust,1919,0,11444,226,0.7725817923186344
HeyPuter/puter,34854,JavaScript,529,0,579,8,0.7358490566037735
reworkd/AgentGPT,34735,TypeScript,860,107,539,12,0.723175965665236
fengdu78/Coursera-ML-AndrewNg-Notes,34729,HTML,2840,430,13,0,0.22058823529411764
doocs/leetcode,34715,Java,2524,0,4085,21,1.0
TeamNewPipe/NewPipe,34714,Java,3633,3,1661,137,0.873347903007597
mudler/LocalAI,34639,Go,880,0,3879,83,0.6294227188081937
BVLC/caffe,34484,C++,4354,379,1087,14,0.8127473443032701
sorrycc/awesome-javascript,34479,N/A,4062,10,393,0,0.946236559139785
outline/outline,34470,TypeScript,3371,0,3309,147,0.9710103329506314
chenfei-wu/TaskMatrix,34409,Python,896,586,21,0,0.38095238095238093
nodejs/node-v0.x-archive,34383,N/A,5923,364,218,0,1.0
yeongpin/cursor-free-vip,34359,Python,215,57,74,69,0.46692991115498517
fastify/fastify,34345,JavaScript,3242,0,3133,298,0.9631402584968884
charmbracelet/bubbletea,34345,Go,2043,1,627,62,0.8054794520547945
netty/netty,34331,Java,5392,0,4415,0,0.9083184257602862
fxsjy/jieba,34323,Python,4702,358,96,9,0.2635838150289017
jaredpalmer/formik,34282,TypeScript,2983,300,829,196,0.6896857016378929
microsoft/ai-agents-for-beginners,34253,Jupyter Notebook,259,21,145,0,0.835820895522388
xitu/gold-miner,34237,N/A,3571,484,3563,0,0.998393144081414
karpathy/LLM101n,34209,N/A,445,378,0,0,0
geekan/HowToLiveLonger,34176,N/A,1216,87,14,0,0.7518248175182481
zenorocha/clipboard.js,34156,JavaScript,3618,8,117,42,0.9825119236883942
ghostty-org/ghostty,34086,Zig,1234,0,2563,1,0.9189801699716714
huiyadanli/RevokeMsgPatcher,34086,C#,2216,4,11,21,0.9443155452436195
solidjs/solid,34055,TypeScript,2669,1,385,35,0.9095063985374772
testerSunshine/12306,34048,Python,3011,865,31,1,0.6743849493487699
ManimCommunity/manim,34030,Python,1913,1,1922,29,0.7511904761904762
atlassian/react-beautiful-dnd,34024,JavaScript,2927,0,529,68,0.6462585034013606
portainer/portainer,33991,TypeScript,3374,0,4777,160,0.8960774325012736
jaywcjlove/linux-command,33989,Markdown,3197,0,353,31,0.642512077294686
typicode/husky,33979,JavaScript,4070,262,262,80,0.9338235294117647
myshell-ai/OpenVoice,33959,Python,624,117,17,0,0.21019108280254778
llvm/llvm-project,33958,LLVM,3172,0,54870,136,0.6959601228771808
laravel/framework,33951,PHP,4599,0,16618,854,0.9975614927905004
python-poetry/poetry,33846,Python,2724,3,2325,142,0.9162387676508345
xkcoding/spring-boot-demo,33832,Java,2834,386,15,0,0.42196531791907516
roboflow/supervision,33783,Python,990,1,967,33,0.8521560574948666
geekcomputers/Python,33738,Python,5006,0,1842,0,0.3084886128364389
shadowsocks/shadowsocks,33644,Python,4864,500,70,2,0
halfrost/LeetCode-Go,33625,Go,2950,246,178,4,0.8
Blankj/AndroidUtilCode,33615,Java,3302,364,88,117,0.8055380742605412
zsh-users/zsh-autosuggestions,33602,Shell,4310,51,116,0,0.7495908346972177
alibaba/easyexcel,33571,Java,2746,289,190,14,0.8655973451327433
AFNetworking/AFNetworking,33525,Objective-C,5189,940,710,40,0
TheAlgorithms/JavaScript,33517,JavaScript,2954,204,795,0,0.9569377990430622
zxing/zxing,33507,Java,5055,3,318,31,0.9924471299093656
anoma/anoma,33494,Elixir,1654,0,856,10,0.82689556509299
deepseek-ai/awesome-deepseek-integration,33384,N/A,581,93,230,0,0.312
mattermost/mattermost,33382,TypeScript,3713,0,19218,837,0.9265242890339714
veggiemonk/awesome-docker,33329,N/A,3980,8,939,1,0.9769230769230769
ShareX/ShareX,33314,C#,4328,1,747,82,0.9258502408407532
aseprite/aseprite,33313,C++,4013,0,405,117,0.5832553788587465
XX-net/XX-Net,33306,Python,3864,128,363,388,0.4063601590039751
Pythagora-io/gpt-pilot,33296,Python,729,163,393,0,0.5709090909090909
ehang-io/nps,33282,Go,2475,441,74,59,0.5813177648040033
ryanhanwu/How-To-Ask-Questions-The-Smart-Way,33263,JavaScript,3792,225,98,0,0.6896551724137931
adobe/brackets,33159,JavaScript,4999,1159,4332,69,0.7296487603305785
carbon-language/carbon-lang,33150,C++,1935,0,4344,403,0.7879213483146067
jax-ml/jax,33133,Python,2485,0,14946,125,0.7549976754997676
exelban/stats,33096,Swift,2269,11,409,301,0.9875747814081914
harness/harness,33086,Go,4206,0,1047,52,0.9640897755610972
gulpjs/gulp,33060,JavaScript,4424,74,411,24,0.9850283944243676
immutable-js/immutable-js,33054,TypeScript,4061,10,597,89,0.9263074484944532
danielmiessler/Fabric,33041,JavaScript,589,0,427,240,0.8
bilibili/ijkplayer,32986,C,4455,366,35,0,0.47404651162790695
SeleniumHQ/selenium,32938,Java,4595,0,2991,108,0.9862712795167491
qishibo/AnotherRedisDesktopManager,32932,JavaScript,2410,57,152,53,0.8704225352112676
hashicorp/vault,32931,Go,3824,0,21293,168,0.8212439291869027
CMU-Perceptual-Computing-Lab/openpose,32905,C++,3034,376,174,15,0.8322516225661508
lllyasviel/ControlNet,32883,Python,925,536,4,0,0.24253075571177504
mifi/lossless-cut,32877,TypeScript,3210,0,201,100,0.8735420503376304
shadowsocks/ShadowsocksX-NG,32813,Swift,3352,289,64,30,0.7731958762886598
YunaiV/ruoyi-vue-pro,32779,Java,1663,0,62,44,0.9875389408099688
bayandin/awesome-awesomeness,32778,Ruby,4055,438,197,0,0.7647058823529411
lib-pku/libpku,32672,TeX,2457,1317,22,0,0.7441860465116279
TheAlgorithms/C-Plus-Plus,32594,C++,3316,0,673,0,0.9626168224299065
swc-project/swc,32585,Rust,2792,0,5587,712,0.8979334677419355
AmruthPillai/Reactive-Resume,32572,TypeScript,1968,0,633,95,0.7968051118210863
facebookresearch/detectron2,32564,Python,2170,1,0,10,0.8692350956130483
qbittorrent/qBittorrent,32523,C++,4940,2,3924,0,0.8638659456889892
PatrickJS/awesome-cursorrules,32506,MDX,332,0,63,0,0.2
certbot/certbot,32395,Python,3928,0,3993,62,0.9771020333394395
alan2207/bulletproof-react,32385,TypeScript,1537,120,70,0,0.6695652173913044
jqlang/jq,32374,C,4775,3,640,15,0.8412280701754385
pnpm/pnpm,32356,TypeScript,3486,0,2660,1000,0.6170866625691457
DataTalksClub/data-engineering-zoomcamp,32339,Jupyter Notebook,1393,28,395,0,0.9852941176470589
ibraheemdev/modern-unix,32291,N/A,1675,338,15,0,0.3614457831325301
pbatard/rufus,32287,C,5017,16,1,84,0.9968127490039841
google/material-design-lite,32264,HTML,3865,157,655,14,0.8259681093394078
pcottle/learnGitBranching,32242,JavaScript,4749,46,603,0,0.9050387596899225
drawdb-io/drawdb,32237,JavaScript,760,4,230,0,0.6485355648535565
beego/beego,32198,Go,4915,2,1325,42,0.9976282241328195
refinedev/refine,32186,TypeScript,1667,0,4419,1000,0.983030303030303
SerenityOS/serenity,32185,C++,2447,0,19513,0,0.8290558040970096
explosion/spaCy,32176,Python,4060,78,3590,129,0.9711286089238845
gchq/CyberChef,32163,JavaScript,3181,8,510,447,0.5928030303030303
lizongying/my-tv,32141,C,619,420,11,72,0.8422198041349293
xinntao/Real-ESRGAN,32119,Python,1487,373,21,10,0.23586206896551723
The-Run-Philosophy-Organization/run,32098,N/A,1222,379,171,0,0.8359375
CorentinTh/it-tools,32055,Vue,1957,0,491,10,0.3209076175040519
mckaywrigley/chatbot-ui,32054,TypeScript,887,377,280,0,0.8244197780020182
directus/directus,32013,TypeScript,4628,0,8076,342,0.968087384878989
ueberdosis/tiptap,31989,TypeScript,2551,0,1242,896,0.7860248447204969
TabbyML/tabby,31959,Rust,882,0,2966,238,0.7831196581196581
Chanzhaoyu/chatgpt-web,31943,Vue,917,363,159,43,1.0
alibaba/nacos,31916,Java,2617,0,3148,83,0.9717816909110795
balena-io/etcher,31904,TypeScript,3579,16,1731,289,0.7661900756938604
yewstack/yew,31862,Rust,2798,0,1795,35,0.9107569721115538
vercel/swr,31807,TypeScript,2117,3,795,123,0.8554973821989529
ziadoz/awesome-php,31806,N/A,4279,94,453,0,0.9934640522875817
Trinea/android-open-project,31774,N/A,4239,12,204,0,0.872093023255814
agno-agi/agno,31771,Python,1198,0,1704,85,0.9012841091492777
shardeum/shardeum,31770,TypeScript,485,0,325,0,0.868421052631579
binarywang/WxJava,31745,Java,3508,6,1053,30,0.9738286196707472
duckdb/duckdb,31735,C++,2606,1,8155,51,0.9251678401833962
v2fly/v2ray-core,31725,Go,2313,2,909,111,0.9633911368015414
facebookresearch/fairseq,31712,Python,2907,65,234,16,0.7195667530021191
mpv-player/mpv,31656,C,4688,0,3496,87,0.9150755200911941
hasura/graphql-engine,31649,TypeScript,2614,0,2110,293,0.6499451324659038
chatanywhere/GPT_API_free,31646,Python,844,6,1,0,0.9413333333333334
zeromicro/go-zero,31612,Go,1833,0,2313,138,0.8805809575040344
yunjey/pytorch-tutorial,31608,Python,3079,730,28,0,0.6333333333333333
open-mmlab/mmdetection,31553,Python,2549,358,2359,53,0.7940899458441253
vnpy/vnpy,31548,Python,3818,14,1055,64,0.9915373765867419
floating-ui/floating-ui,31520,TypeScript,3425,15,1188,493,0.9814305364511692
remix-run/remix,31514,TypeScript,1753,2,3441,175,0.9980813507290868
CherryHQ/cherry-studio,31504,TypeScript,447,0,1860,189,0.9134506701114161
qier222/YesPlayMusic,31497,Vue,1770,45,288,31,0.6624026696329255
mouredev/Hello-Python,31489,Python,1107,3,0,0,0.9407894736842105
niklasvh/html2canvas,31459,TypeScript,5143,392,186,45,0.6343141001146351
RVC-Project/Retrieval-based-Voice-Conversion-WebUI,31453,Python,871,263,475,7,0.678889470927187
kuchin/awesome-cto,31433,N/A,3163,11,18,0,1.0
amix/vimrc,31429,Vim Script,4825,312,107,0,0.9770114942528736
ReactiveX/rxjs,31412,TypeScript,3805,172,2588,2,0.9304017715912686
labstack/echo,31393,Go,3819,2,592,109,0.9501706484641638
microsoft/MS-DOS,31340,Assembly,2607,476,37,0,0
airbnb/lottie-web,31337,JavaScript,3828,38,136,0,0.7342778161713891
RSSNext/Folo,31323,TypeScript,493,0,1247,70,0.9152846257283729
servo/servo,31258,Rust,4936,0,20410,0,0.7850186193067888
IceWhaleTech/CasaOS,31238,Go,1418,8,274,97,0.5667311411992263
pathwaycom/pathway,31222,Python,991,0,5,75,0.5463917525773195
cockroachdb/cockroach,31176,Go,4208,0,67538,0,0.9150907139165353
lutzroeder/netron,31174,JavaScript,5345,0,1,5,0.9795081967213115
backstage/backstage,31134,TypeScript,2029,0,18907,438,0.9475852272727273
cursor/cursor,31064,N/A,887,305,46,0,0.37640099626400997
mli/paper-reading,31062,N/A,1392,145,15,0,0
xyflow/xyflow,31054,TypeScript,2222,1,1395,347,0.965028773793714
mqyqingfeng/Blog,31044,N/A,3076,155,3,0,0.2770083102493075
ianstormtaylor/slate,31027,TypeScript,3344,1,1937,203,0.7912363067292645
dokku/dokku,30992,Shell,4450,0,4149,300,0.9842688594923132
google-ai-edge/mediapipe,30991,C++,2254,0,201,63,0.9178558360775705
lovell/sharp,30978,JavaScript,4378,17,301,99,0.9706030150753768
0xAX/linux-insides,30970,Python,3876,5,579,0,0.8138297872340425
mathiasbynens/dotfiles,30937,Shell,5092,374,44,0,0.6479591836734694
coolsnowwolf/lede,30908,C,2899,0,2019,6,0.9164296652811201
blueimp/jQuery-File-Upload,30890,PHP,5370,812,119,0,0.9851829452676142
MonitorControl/MonitorControl,30854,Swift,2889,20,216,26,0.9867482161060143
schollz/croc,30820,Go,2858,2,236,175,0.9814814814814815
kubernetes/minikube,30810,Go,3408,0,8760,151,0.9483372921615202
filebrowser/filebrowser,30794,Go,3625,5,605,95,0.9919854280510019
ocrmypdf/OCRmyPDF,30757,Python,4255,1,149,41,0.8958990536277602
alibaba/p3c,30724,Kotlin,2974,373,62,0,0.8123543123543123
khoj-ai/khoj,30718,Python,1459,2,474,158,0.8636363636363636
vadimdemedes/ink,30717,TypeScript,2985,0,232,61,0.8048128342245989
1Panel-dev/1Panel,30716,Go,1122,0,3782,96,0.8832020997375328
derailed/k9s,30710,Go,2393,0,829,248,0.8049695264885138
codex-team/editor.js,30677,TypeScript,3547,106,863,102,0.6059210526315789
apache/kafka,30673,Java,5113,0,11786,0,0
donnemartin/interactive-coding-challenges,30653,Python,3761,463,176,0,0.463768115942029
XTLS/Xray-core,30643,Go,1739,0,1003,90,0.9952941176470588
SortableJS/Sortable,30637,JavaScript,4256,77,248,30,0.7400881057268722
fish-shell/fish-shell,30633,Rust,4844,4,2138,48,0.9376796446302587
ityouknow/spring-boot-examples,30565,Java,3204,635,7,0,0.908256880733945
awesome-foss/awesome-sysadmin,30553,N/A,3887,18,329,0,0.8627450980392157
google/comprehensive-rust,30541,Rust,967,1,2172,0,0.6782608695652174
microsoft/calculator,30533,C++,2390,36,897,0,0.6453645364536453
paperless-ngx/paperless-ngx,30515,Python,1279,0,2547,120,1.0
k3s-io/k3s,30500,Go,2632,0,4067,885,0.9816685912240185
symfony/symfony,30492,PHP,5701,0,24238,555,0.9732340606003487
Textualize/textual,30490,Python,1589,1,2171,185,0.9184758529020824
juanfont/headscale,30472,Go,1880,0,1046,124,0.9090073529411765
influxdata/influxdb,30469,Rust,4340,0,10592,93,0.8530125642490006
parallax/jsPDF,30468,JavaScript,5730,147,717,35,0.9550605705353654
utmapp/UTM,30467,Swift,2316,2,264,121,0.7373204338903547
nextcloud/server,30449,PHP,3360,0,28073,348,0.8880297397769517
OpenCut-app/OpenCut,30447,TypeScript,53,0,171,0,0.3954802259887006
ascoders/weekly,30338,JavaScript,3069,339,136,193,0.9918032786885246
webtorrent/webtorrent,30336,JavaScript,4321,0,963,228,0.9609140108238123
microsoft/Data-Science-For-Beginners,30324,Jupyter Notebook,1625,7,308,0,0.7983193277310925
Binaryify/NeteaseCloudMusicApi,30320,N/A,3340,533,292,0,0.8900523560209425
fabricjs/fabric.js,30312,TypeScript,5545,11,2343,174,0.9317483422286916
layui/layui,30311,JavaScript,3614,14,590,158,0.952837140751658
facebook/rocksdb,30286,C++,4640,0,609,206,0.7740893066980024
openai/CLIP,30285,Jupyter Notebook,1702,387,28,0,0.4447004608294931
huggingface/diffusers,30278,Python,1172,0,4975,84,0.8884180790960452
medusajs/medusa,30271,TypeScript,2035,0,7419,128,0.9683758059564016
iawia002/lux,30270,Go,2728,43,300,86,0.509915014164306
tqdm/tqdm,30263,Python,3725,84,287,131,0.5721247563352827
linexjlin/GPTs,30247,N/A,642,321,42,0,0.75
docsifyjs/docsify,30220,JavaScript,3189,5,730,15,0.9308469308469308
joshbuchea/HEAD,30215,N/A,3403,419,86,0,0.7849462365591398
gkd-kit/gkd,30201,Kotlin,772,3,6,53,0.9803328290468987
alpinejs/alpine,30188,HTML,2086,8,657,137,1.0
AMAI-GmbH/AI-Expert-Roadmap,30177,JavaScript,1755,592,13,0,0.696969696969697
TriliumNext/Trilium,30173,TypeScript,3006,0,577,333,0.7636203866432337
numpy/numpy,30149,Python,5449,0,13071,132,0.8439747868001483
s0md3v/roop,30127,Python,809,360,80,6,0
sequelize/sequelize,30120,TypeScript,5502,0,4961,487,0.9143433955008652
tatsu-lab/stanford_alpaca,30112,Python,888,393,5,0,0.3656716417910448
OWASP/CheatSheetSeries,30077,Python,2428,2,1076,0,0.9258555133079848
OAI/OpenAPI-Specification,30062,Markdown,4182,0,1561,12,0.9365213711383834
transloadit/uppy,30039,TypeScript,3559,3,3094,196,0.9358398038414385
DioxusLabs/dioxus,29998,Rust,1672,2,1746,25,0.7896805896805896
chinabugotech/hutool,29986,Java,4141,0,448,152,0.9986586183769283
exo-explore/exo,29971,Python,416,146,207,12,0.2885375494071146
GyulyVGC/sniffnet,29970,Rust,1110,0,429,14,0.85
Lightning-AI/pytorch-lightning,29966,Python,2329,0,9062,167,0.8740700662789125
VincentGarreau/particles.js,29879,JavaScript,3995,504,21,6,0.25853658536585367
umami-software/umami,29864,TypeScript,1854,0,799,99,0.9606557377049181
surrealdb/surrealdb,29861,Rust,1344,0,2137,92,0.6837209302325581
tinygrad/tinygrad,29842,Python,1761,0,7875,12,0.8690721649484536
anthropics/claude-code,29803,TypeScript,173,0,54,0,0.4181721572794899
square/leakcanary,29783,Kotlin,3760,9,921,43,0.9229828850855746
foundation/foundation-sites,29761,HTML,5054,205,2958,79,0.9931997571341834
drizzle-team/drizzle-orm,29729,TypeScript,1512,0,610,146,0.5424815646040397
vuejs/vue-cli,29717,JavaScript,3519,171,1258,177,0.8300891395306531
herrbischoff/awesome-macos-command-line,29717,N/A,3614,1442,104,0,0
jobbole/awesome-python-cn,29713,Makefile,3572,1081,51,0,0.5806451612903226
cheeriojs/cheerio,29687,TypeScript,5058,0,2836,61,0.9827868852459016
facebook/folly,29677,C++,4822,0,13,253,0.7606209150326797
DevToys-app/DevToys,29667,C#,1415,0,497,38,0.7060085836909872
restic/restic,29663,Go,4127,7,2184,48,0.8503377177390686
AdguardTeam/AdGuardHome,29649,Go,3326,0,124,213,0.8042043085476025
trailofbits/algo,29647,Python,3378,1,568,2,0.946229913473424
nothings/stb,29625,C,4099,80,288,0,0.7780269058295964
JushBJJ/Mr.-Ranedeer-AI-Tutor,29625,N/A,867,61,18,3,0.723404255319149
wailsapp/wails,29613,Go,2434,1,1501,241,0.8767123287671232
apolloconfig/apollo,29595,Java,3450,5,1449,41,0.958519844822441
microsoft/WSL,29558,C++,3417,0,130,94,0.9123869646817949
elsewhencode/project-guidelines,29558,JavaScript,2967,248,113,0,0.7631578947368421
react-boilerplate/react-boilerplate,29535,JavaScript,3830,875,715,16,0.9549502357255107
nicolargo/glances,29523,Python,5002,1,741,51,0.9377734564900341
vbenjs/vue-vben-admin,29518,Vue,1860,0,1628,59,0.9656903765690377
pathwaycom/llm-app,29513,Jupyter Notebook,757,15,47,0,0.7058823529411765
aosabook/500lines,29510,JavaScript,4301,726,175,0,0.5857142857142857
ariya/phantomjs,29478,C++,5344,992,562,0,0.9970495258166491
motiondivision/motion,29477,TypeScript,2463,1,1061,0,0.8454496499730748
hyprwm/Hyprland,29431,C++,1247,0,1864,96,0.9913282863041982
mantinedev/mantine,29415,TypeScript,1680,6,1483,270,0.9931930693069307
pmndrs/react-three-fiber,29385,TypeScript,2362,17,650,125,0.9285714285714286
IanLunn/Hover,29377,SCSS,4242,656,23,10,0.7757009345794392
heyverse/hey,29373,TypeScript,1244,0,3765,0,1.0
encode/django-rest-framework,29372,Python,5279,1,3018,21,0.985297845373891
standard/standard,29337,JavaScript,3852,34,411,7,0.9107142857142857
AllThingsSmitty/css-protips,29334,N/A,3638,147,73,0,0.9838709677419355
alibaba/canal,29306,Java,4596,8,473,32,0.7551279340241066
tokio-rs/tokio,29301,Rust,3261,0,3594,138,0.8675944333996024
GoogleChrome/lighthouse,29268,JavaScript,3446,1,5465,125,0.9468235806908576
hashicorp/consul,29221,Go,4301,0,13727,217,0.7709951237132021
lukehoban/es6features,29199,N/A,4182,930,41,0,0.631578947368421
ageron/handson-ml2,29182,Jupyter Notebook,2410,427,64,0,0.5802707930367504
xuxueli/xxl-job,29168,Java,3547,26,113,38,0.9144186046511628
realpython/python-guide,29141,Batchfile,5266,381,683,0,0.6451612903225806
iperov/DeepFaceLive,29112,Python,1703,279,13,35,0.9930555555555556
GorvGoyl/Clone-Wars,29108,N/A,1716,373,130,0,0.8536585365853658
kodecocodes/swift-algorithm-club,29089,Swift,3488,251,610,0,0.8511627906976744
spf13/viper,29074,Go,4152,13,502,34,0.5421286031042128
danny-avila/LibreChat,29072,TypeScript,914,0,2100,58,0.9506211180124223
composer/composer,29066,PHP,5181,2,2944,214,0.9847580337863584
firecracker-microvm/firecracker,29062,Rust,2856,0,3173,78,0.9642119752236752
google-research/tuning_playbook,29057,N/A,939,423,14,0,0.7555555555555555
sampotts/plyr,29057,JavaScript,3834,411,384,88,0.5805991440798859
CSSEGISandData/COVID-19,29046,N/A,2018,796,2152,0,0.553072625698324
XIU2/TrackersListCollection,29028,N/A,2142,0,6,0,0
keycloak/keycloak,29008,Java,4426,0,17457,86,0.8686755707612343
refined-github/refined-github,28969,TypeScript,3468,2,3427,173,0.9693741677762983
wuyouzhuguli/SpringAll,28917,Java,2661,440,1,0,0.5625
meta-llama/llama3,28909,Python,517,200,23,0,0.4061433447098976
postcss/postcss,28850,TypeScript,4342,25,759,268,0.9736328125
pmndrs/react-spring,28835,TypeScript,2717,1,437,52,0.9078633836378078
tastejs/todomvc,28810,JavaScript,5186,52,760,6,0.8431122448979592
Pierian-Data/Complete-Python-3-Bootcamp,28791,Jupyter Notebook,2740,51,12,0,0.6097560975609756
ajeetdsouza/zoxide,28760,Rust,1988,2,225,36,0.8489736070381232
dragonflydb/dragonfly,28703,C++,1342,0,3306,106,0.8601092896174863
alibaba/spring-cloud-alibaba,28676,Java,2813,9,1076,48,0.9192
StevenBlack/hosts,28666,Python,4872,0,486,779,0.9460227272727273
wesbos/JavaScript30,28657,HTML,3172,219,153,0,0
cfenollosa/os-tutorial,28653,C,3972,385,11,0,0.5833333333333334
Ebazhanov/linkedin-skill-assessments-quizzes,28643,N/A,2224,84,5638,1,0.9057239057239057
kenwheeler/slick,28622,JavaScript,4161,19,258,48,0.6687845303867404
statelyai/xstate,28605,TypeScript,3622,3,1971,440,0.9239598278335724
feder-cr/Jobs_Applier_AI_Agent_AIHawk,28565,Python,375,78,185,0,0.983679525222552
ZuzooVn/machine-learning-for-software-engineers,28562,N/A,3231,429,60,0,0.34615384615384615
immerjs/immer,28542,JavaScript,2785,329,374,109,0.9504504504504504
kovidgoyal/kitty,28509,Python,3224,0,1130,128,0.9985632183908046
grafana/k6,28507,Go,3433,0,2146,76,0.6992040217846669
donnemartin/data-science-ipython-notebooks,28460,Python,3856,512,31,0,0.5365853658536586
shengxinjing/programmer-job-blacklist,28456,Shell,3337,431,28,0,0.5355029585798816
vuejs/vuex,28437,JavaScript,3682,323,656,51,0.9218009478672986
AvaloniaUI/Avalonia,28436,C#,4270,0,5307,109,0.7826529314511
valinet/ExplorerPatcher,28409,C,1466,17,18,288,0.8898373983739838
vercel/turborepo,28409,Rust,1409,0,6219,495,0.9347826086956522
sunface/rust-course,28401,Rust,2564,37,783,0,0.7129186602870813
PostHog/posthog,28383,Python,2030,0,24835,18,0.7229199372056515
codepath/android_guides,28381,N/A,4439,226,9,0,0.5748031496062992
jumpserver/jumpserver,28367,Python,4059,0,7501,249,0.9948016415868673
helm/helm,28339,Go,3600,0,4095,215,0.9424354243542435
openai/openai-python,28336,Python,1754,2,990,315,0.9190697674418604
continuedev/continue,28334,TypeScript,813,0,2775,375,0.7502063273727648
jamiebuilds/the-super-tiny-compiler,28320,JavaScript,3443,542,20,0,0
openssl/openssl,28316,C,4594,0,145,283,0.8366244411326379
viraptor/reverse-interview,28297,N/A,2167,176,75,0,0.72
containers/podman,28296,Go,2843,0,11678,227,0.9216253993610224
MichaelCade/90DaysOfDevOps,28275,Shell,1327,71,358,2,0.898876404494382
telegramdesktop/tdesktop,28271,C++,4122,0,1743,798,0.9422698016550637
VSCodium/vscodium,28237,Shell,2558,0,544,238,0.9208776595744681
caolan/async,28226,JavaScript,5553,0,558,7,0.9912434325744308
eugeneyan/applied-ml,28224,N/A,1867,392,208,0,0.9166666666666666
microsoft/qlib,28212,Python,1826,0,721,22,0.7402862985685071
GitbookIO/gitbook,28187,TypeScript,4154,0,1286,75,0.9848088004190676
digitalocean/nginxconfig.io,28172,JavaScript,2778,243,191,0,0.7698744769874477
alibaba/druid,28170,Java,5033,0,1517,51,0.503858875413451
linera-io/linera-protocol,28161,Rust,1334,0,2654,18,0.6063055780113177
jashkenas/backbone,28109,JavaScript,5432,135,881,0,0.9825436408977556
LizardByte/Sunshine,28070,C++,1338,0,1461,43,0.9242424242424242
dnSpy/dnSpy,28041,C#,3697,1698,53,1,0
acheong08/ChatGPT,28036,Python,985,743,292,277,0.9863013698630136
swagger-api/swagger-ui,28034,JavaScript,5144,2,3305,376,0.7854480922803904
zhiwehu/Python-programming-exercises,28013,N/A,4809,108,0,0,0.2
NginxProxyManager/nginx-proxy-manager,28009,JavaScript,2794,8,526,77,0.6923847695390781
JedWatson/react-select,28007,TypeScript,4006,34,1054,61,0.8955347298787211
mobxjs/mobx,28004,TypeScript,3806,60,1152,113,0.9710806697108066
nagadomi/waifu2x,27987,Lua,3742,833,68,3,0.5869565217391305
python-telegram-bot/python-telegram-bot,27984,Python,3691,1,1631,127,0.9934094903339191
ChartsOrg/Charts,27931,Swift,3800,93,427,38,0.7917737789203085
aquasecurity/trivy,27908,Go,2317,0,3176,171,0.9459738472126634
lenve/vhr,27906,Java,2779,263,1,0,0.38188976377952755
google/python-fire,27823,Python,3096,7,132,11,0.6114457831325302
qianguyihao/Web,27803,N/A,3145,171,0,0,0.6902654867256637
tailwindlabs/headlessui,27797,TypeScript,1793,15,619,127,0.9213161659513591
geekcompany/ResumeSample,27792,N/A,3993,365,2,0,0
michalsnik/aos,27785,JavaScript,3689,506,38,0,0.5113636363636364
t3-oss/create-t3-app,27773,TypeScript,1178,66,1114,138,0.9146341463414634
nginx/nginx,27731,C,3705,1,94,8,0.5014577259475219
frappe/erpnext,27721,Python,5181,0,26390,1000,0.865405276351916
CamDavidsonPilon/Probabilistic-Programming-and-Bayesian-Methods-for-Hackers,27712,Jupyter Notebook,4595,415,243,0,0.3643724696356275
raysan5/raylib,27696,C,4312,0,2151,24,0.9881364310430054
getredash/redash,27653,Python,4308,6,3255,100,0.7607934655775963
YMFE/yapi,27646,JavaScript,3363,367,141,1,0.37510170870626525
kingToolbox/WindTerm,27581,C,2136,156,1,32,0.20577485380116958
JaidedAI/EasyOCR,27555,Python,1979,324,177,23,0.5659494855004678
tj/commander.js,27542,JavaScript,5114,10,824,83,0.9938434476693052
imDazui/Tvlist-awesome-m3u-m3u8,27531,N/A,3099,599,1,0,0.6712328767123288
flameshot-org/flameshot,27525,C++,3018,0,959,29,0.7548410668615272
svc-develop-team/so-vits-svc,27516,Python,888,642,153,0,0.8384615384615385
Advanced-Frontend/Daily-Interview-Question,27512,JavaScript,2399,1739,15,0,0.5318021201413428
datalab-to/marker,27496,Python,654,0,194,62,0.5244122965641953
ossrs/srs,27489,C++,3760,0,501,68,0.852309694209499
